學校名稱,區域,縣市,高中職創立時間（創校時間）,學校地址,校地（公頃）,代碼,網址
國立基隆女子高級中學,北區,基隆市,1924年,信義區東信路324號,3.9209,256,首頁
國立基隆高級中學,北區,基隆市,1927年,暖暖區源遠路20號,9.6475,255,首頁
私立二信高級中學,北區,基隆市,1967年（1964年）,中正區立德路243號,3.4408,266,首頁
天主教輔大聖心高級中學,北區,基隆市,1971年1,中山區西定路166號,3.9821,262,首頁
基隆市立中山高級中學,北區,基隆市,1998年（1962年）,中山區文化路162號,3.663,265,首頁
基隆市立暖暖高級中學,北區,基隆市,1999年（1968年）,暖暖區暖中路112號,3.9,277,首頁
基隆市立安樂高級中學,北區,基隆市,2000年（1967年）,安樂區安一路360號,4.0444,276,首頁
基隆市立八斗高級中學,北區,基隆市,2011年（1983年）,中正區新豐街100號,4.265,261,首頁
臺北市立建國高級中學,北區,台北市,1898年,中正區南海路56號,6.2638,102,首頁
臺北市立第一女子高級中學,北區,台北市,1904年,中正區重慶南路一段165號,2.7936,101,首頁
臺北市私立泰北高級中學,北區,台北市,1916年,士林區福林路240號,2.4848,130,首頁
臺北市私立靜修女子高級中學,北區,台北市,1917年2,大同區寧夏路59號,1.2286,125,首頁
臺北市立中山女子高級中學,北區,台北市,1897年,中山區長安東路二段141號,3.4275,103,首頁
臺北市立成功高級中學,北區,台北市,1922年,中正區濟南路一段71號,2.2794,105,首頁
國立臺灣師範大學附屬高級中學,北區,台北市,1937年,大安區信義路3段143號,8.4266,100,首頁
臺北市私立延平高級中學,北區,台北市,1948年（1946年）,大安區建國南路一段275號,1.0408,121,首頁
臺北市私立大同高級中學,北區,台北市,1948年（1942年）,中山區中山北路三段40號,1.3492,150,首頁
臺北市私立金甌女子高級中學,北區,台北市,1948年（1946年）,大安區杭州南路二段1號,1.1717,146,首頁
臺北市私立強恕高級中學,北區,台北市,1950年（1899年）,中正區汀州路二段143號,0.8197,124,首頁
臺北市立復興高級中學,北區,台北市,1953年,北投區復興四路70號,4.7168,106,首頁
臺北市私立滬江高級中學,北區,台北市,1958年,文山區羅斯福路六段336號,1.9644,123,首頁
臺北市立景美女子高級中學,北區,台北市,1962年,文山區木新路三段312號,4.5259,104,首頁
臺北市立中正高級中學,北區,台北市,1964年（1945年）,北投區文林北路77號,7.656,107,首頁
臺北市私立衛理女子高級中學,北區,台北市,1964年（1961年）,士林區至善路二段321號,4.2764,116,首頁
臺北市私立十信高級中學,北區,台北市,1965年,北投區北投路二段55號,2.5156,142,首頁
臺北市私立方濟高級中學,北區,台北市,1965年*,內湖區成功路三段61號,3.1864,126,首頁
臺北市私立協和祐德高級中學,北區,台北市,1966年（1963年）,信義區忠孝東路五段790巷27號,1.1164,122,首頁
臺北市私立景文高級中學,北區,台北市,1968年（1962年）,文山區保儀路127號,1.275,118,首頁
臺北市私立大誠高級中學,北區,台北市,1968年*,文山區秀明路二段175號,3.0363,120,首頁
臺北市私立華興高級中學,北區,台北市,1969年（1955年）,士林區仰德大道一段101號,2.5816,117,首頁
臺北市私立再興高級中學,北區,台北市,1970年（1949年）,文山區興隆路四段二號,5.1054,119,首頁
臺北市私立東山高級中學,北區,台北市,1971年,文山區老泉街26巷3號,4.3678,136,首頁
臺北市私立文德女子高級中學,北區,台北市,1971年,內湖區成功路三段70號,0.9956,129,首頁
臺北市私立達人女子高級中學,北區,台北市,1981年（1976年）,內湖區內湖路二段314號,2.2933,155,首頁
臺北市立內湖高級中學,北區,台北市,1988年,內湖區文徳路218號,3.7927,108,首頁[永久失效連結]
臺北市立松山高級中學,北區,台北市,1989年（1958年）,信義區基隆路一段156號,3.0149,109,首頁
臺北市立大同高級中學,北區,台北市,1992年（1935年）*,中山區長春路167號,6.3332,110,首頁
臺北市立明倫高級中學,北區,台北市,1992年（1968年）,大同區承德路三段336號,2.0325,160,首頁
臺北市立華江高級中學,北區,台北市,1992年（1945年）,萬華區西藏路213號,3.8647,161,首頁
臺北市私立薇閣高級中學,北區,台北市,1993年,北投區珠海路50號,2.0537,127,首頁
臺北市立和平高級中學,北區,台北市,1994年（1968年）,大安區臥龍街100號,3.9636,164,首頁
臺北市立永春高級中學,北區,台北市,1994年（1968年）,信義區松山路654號,5.3371,163,首頁
臺北市立陽明高級中學,北區,台北市,1994年（1968年）,士林區中正路510號,4.5266,162,首頁
臺北市立成淵高級中學,北區,台北市,1996年（1897年）,大同區承德路二段235號,2.9202,114,首頁
臺北市立西松高級中學,北區,台北市,1996年（1968年）,松山區健康路325巷7號,1.7787,165,首頁
臺北市立大理高級中學,北區,台北市,1998年（1968年）,萬華區長順街2號,2.3328,166,首頁
臺北市立大直高級中學,北區,台北市,1999年（1963年）,中山區北安路420號,3.4478,169,首頁
臺北市立南港高級中學,北區,台北市,1999年（1967年）,南港區向陽路21號,3.1632,172,首頁
臺北市立萬芳高級中學,北區,台北市,1999年（1982年）*,文山區興隆路三段115巷1號,3.4303,170,首頁
臺北市立百齡高級中學,北區,台北市,1999年（1991年）,士林區承德路四段177號,2.5513,171,首頁
臺北市立麗山高級中學,北區,台北市,2000年,內湖區環山路二段100號,4.3959,173,首頁
臺北市立中崙高級中學,北區,台北市,2002年,松山區八德路四段101號,2.0573,176,首頁
臺北市立育成高級中學,北區,台北市,2002年,南港區重陽路366號,2.5947,175,首頁
臺北市立南湖高級中學,北區,台北市,2002年,內湖區康寧路三段220號,3.3018,177,首頁
國立政治大學附屬高級中學,北區,台北市,2005年,文山區政大一街353號,2.0635,115,首頁
臺北市私立復興實驗高級中學,北區,台北市,2006年（1945年）,大安區敦化南路一段262號,1.0518,132,首頁
臺北市私立奎山實驗高級中學,北區,台北市,2014年（1963年）,北投區明德路200號,,,首頁
臺北市私立南華高級中學職業進修學校,北區,台北市,1953年,中正區汀州路三段58號,,,首頁
新北市私立淡江高級中學,北區,新北市,1914年,淡水區真理街26號,5.51,221,首頁
新北市立板橋高級中學,北區,新北市,1952年（1946年）,板橋區文化路一段25號,3.5511,206,首頁
國立華僑高級中等學校,北區,新北市,1955年,板橋區大觀路一段32號,12.3576,200,首頁
新北市私立金陵女子高級中學,北區,新北市,1956年,三重區重新路五段656號,2.2962,235,首頁
新北市私立南山高級中學,北區,新北市,1957年（1941年）,中和區廣福路41號,2.3841,248,首頁
新北市私立恆毅高級中學,北區,新北市,1958年[2],新莊區中正路108號,3.983,232,首頁
新北市立泰山高級中學,北區,新北市,1960年（1937年）,泰山區辭修路7號,4.9885,207,首頁
新北市私立東海高級中學,北區,新北市,1962年,三重區忠孝路三段93巷12號,0.5997,228,首頁
新北市私立徐匯高級中學,北區,新北市,1963年（1850年）,蘆洲區中山一路1號,3.3642,226,首頁
新北市私立聖心女子高級中學,北區,新北市,1963年（1960年）,八里區龍米路一段263號,9.509,225,首頁
新北市私立中華高級中學,北區,新北市,1967年（1962年）,土城區城林路2號,3.2716,229,首頁
新北市私立崇光女子高級中學,北區,新北市,1968年（1967年）,新店區三民路18號,8.377,222,首頁
新北市私立及人高級中學,北區,新北市,1968年,新店區安興路一號,2.811,227,首頁
新北市私立竹林高級中學,北區,新北市,1968年,中和區華新街143巷12號,1.3173,220,首頁
新北市私立崇義高級中學,北區,新北市,1969年（1960年）,汐止區大同路三段68號,0.7896,233,首頁
新北市私立格致高級中學,北區,新北市,1969年（1962年）,三重區大智街260號,1.1158,218,首頁
新北市私立醒吾高級中學,北區,新北市,1969年（1963年）*,林口區粉寮路一段75巷80號,2.3882,223,首頁
新北市私立光仁高級中學,北區,新北市,1969年（1967年）,板橋區中山路二段255巷18號,3.4167,231,首頁
新北市私立辭修高級中學,北區,新北市,1971年,三峽區溪東路251號,6.28,237,首頁
新北市立中和高級中學,北區,新北市,1992年,中和區連城路460號,5.5152,209,首頁
新北市立新店高級中學,北區,新北市,1992年,新店區中央路93號,4.2417,208,首頁
新北市立新莊高級中學,北區,新北市,1992年,新莊區中平路135號,3.6662,205,首頁
新北市立樹林高級中學,北區,新北市,1995年（1944年）*,樹林區中華路8號,5.8535,246,首頁
新北市立永平高級中學,北區,新北市,1995年（1971年）,永和區永平路205號,4.7431,234,首頁
新北市立明德高級中學,北區,新北市,1995年（1980年）,三峽區中正路二段399號,7.4821,243,首頁
新北市立金山高級中學,北區,新北市,1996年（1946年）,金山區文化二路2號,3.1744,250,首頁
新北市立雙溪高級中學,北區,新北市,1996年（1946年）,雙溪區梅竹蹊3號,4.7626,249,首頁
新北市立三民高級中學,北區,新北市,1996年（1989年）,蘆洲區三民路96號,4.6616,252,首頁
新北市立清水高級中學,北區,新北市,1996年（1990年）,土城區明德路一段72號,5.308,251,首頁
新北市立秀峰高級中學,北區,新北市,1997年（1955年）,汐止區忠孝東路201號,3.6417,254,首頁[永久失效連結]
新北市立海山高級中學,北區,新北市,1997年（1968年）,板橋區漢生東路215號,5.0778,253,首頁[永久失效連結]
新北市立新北高級中學,北區,新北市,1997年,三重區三信路1號,7.5398,204,首頁
新北市立三重高級中學,北區,新北市,1998年（1962年）,三重區集美街212號,3.6417,257,首頁
新北市立石碇高級中學,北區,新北市,1998年（1968年）,石碇區八分寮45號,12.0036,264,首頁
新北市立安康高級中學,北區,新北市,1998年（1980年）,新店區安興路25號,2.795,259,首頁
新北市立錦和高級中學,北區,新北市,1998年（1990年）,中和區錦和路163號,3.5193,258,首頁
新北市立林口高級中學,北區,新北市,2000年*,林口區仁愛路二段173號,4.995,268,首頁
新北市立丹鳳高級中學,北區,新北市,2009年（1990年）,新莊區龍安路72號,3.168,211,首頁
康橋雙語實驗高級中學,北區,新北市,2009年,新店區華城路800號,4.1078,269,首頁
新北市立竹圍高級中學,北區,新北市,2012年（1996年）,淡水區竹林路35號,2.466,,首頁
新北市私立時雨高級中學,北區,新北市,2013年（1949年）,瑞芳區銅山里祈堂路217號,6.3461,,首頁
新北市立光復高級中學,北區,新北市,2013年（1999年）,板橋區光環路一段7號,2.9955,,首頁
新北市立北大高級中學,北區,新北市,2014年（2010年）,三峽區大義路277號,2.7311,,首頁
新北市私立裕德實驗高級中學,北區,新北市,2015年（2010年）,土城區擺接堡路1號,1.8989,,首頁
桃園市立龍潭高級中等學校,北區,桃園市,1948年（1924年）,龍潭區神龍路155號,9.8629,321,首頁
國立中央大學附屬中壢高級中學,北區,桃園市,1948年（1940年）,中壢區三光路115號,8.0831,287,首頁
桃園市立楊梅高級中等學校,北區,桃園市,1951年（1948年）,楊梅區高獅路5號,5.4114,288,首頁
桃園市立桃園高級中等學校,北區,桃園市,1952年（1941年）,桃園區成功路三段38號,7.8789,291,首頁
桃園市立武陵高級中等學校,北區,桃園市,1955年,桃園區中山路889號,4.7757,289,首頁
桃園市私立育達高級中學,北區,桃園市,1955年,平鎮區育達路160號,2.2706,367,首頁
桃園市私立六和高級中學,北區,桃園市,1956年,平鎮區陸光路180號,10.8378,365,首頁
桃園市私立復旦高級中學,北區,桃園市,1958年,平鎮區復旦路二段122號,3.2863,337,首頁
桃園市私立漢英高級中學（漢英雙語中學）,北區,桃園市,1964年（1911年）,龍潭區中正路佳安段448號,1.8531,336,首頁
桃園市私立治平高級中學,北區,桃園市,1967年（1965年）,楊梅區埔心中興路137號,3.1466,335,首頁
桃園市私立振聲高級中學,北區,桃園市,1968年（1965年）,桃園區復興路439號,2.073,334,首頁
桃園市私立啟英高級中學,北區,桃園市,1970年,中壢區中園路447號,2.1938,364,首頁
桃園市私立光啟高級中學*,北區,桃園市,1971年,龜山區自由街40號,3.6237,338,首頁
桃園市私立新興高級中學,北區,桃園市,1971年,八德區永豐路563號,7.6225,354,首頁
桃園市私立清華高級中學,北區,桃園市,1971年,新屋區中華路658號,2.8162,355,首頁
桃園市私立至善高級中學,北區,桃園市,1972年,大溪區康莊路645號,4.0801,357,首頁
桃園市私立大興高級中學,北區,桃園市,1972年,大園區永興路142號,4.0895,356,首頁
桃園市立陽明高級中等學校,北區,桃園市,1992年,桃園區德壽街8號,4.913,304,首頁
桃園市私立大華高級中學,北區,桃園市,1998年（1962年）,楊梅區三民路二段200號,5.7243,294,首頁
桃園市立內壢高級中等學校,北區,桃園市,1999年,中壢區成章四街120號,4.0982,295,首頁
桃園市立永豐高級中等學校,北區,桃園市,1999年,八德區永豐路609號,3.7292,296,首頁
桃園市立南崁高級中等學校,北區,桃園市,2000年,蘆竹區仁愛路二段1號,2.0588,297,首頁
桃園市立平鎮高級中等學校,北區,桃園市,2000年,平鎮區環南路三段100號,2.6485,293,首頁
桃園市立大溪高級中等學校,北區,桃園市,2009年（1964年）,大溪區康莊路641號,3.048,,首頁
桃園市立壽山高級中等學校,北區,桃園市,2009年（1960年）,龜山區大同路23號,,,首頁
桃園市立大園國際高級中等學校,北區,桃園市,2010年,大園區大成路二段8號,3,,首頁
桃園市立觀音高級中等學校,北區,桃園市,2012年（1955年）,觀音區中山路二段519號,,,首頁
桃園市立新屋高級中等學校,北區,桃園市,2017年（1957年）,新屋區中興路111號,,,首頁
國立新竹高級中學,北區,新竹市,1922年,東區學府路36號,9.4668,300,首頁
國立新竹女子高級中學,北區,新竹市,1924年,東區中華路二段270號,3.8033,301,首頁
新竹市私立光復高級中學,北區,新竹市,1955年（1953年）,東區光復路二段153號,5.3679,330,首頁
新竹市私立曙光女子高級中學,北區,新竹市,1963年（1960年）,東區北大路61號,1.7873,332,首頁
新竹市私立磐石高級中學,北區,新竹市,1967年（1964年）,北區西大路683號,2.2011,331,首頁
新竹市私立世界高級中學,北區,新竹市,1971年,東區光復路一段257號,2.1211,361,首頁
國立科學工業園區實驗高級中學,北區,新竹市,1983年,東區介壽路300號,14.2,292,首頁
新竹市立成德高級中學,北區,新竹市,1996年（1966年）,北區崧嶺路128巷38號,4.7268,309,首頁
新竹市立香山高級中學,北區,新竹市,1998年（1956年）,香山區元培街124號,4.1662,310,首頁
新竹市立建功高級中學,北區,新竹市,2001年（1998年）,東區建功二路17號,4.775,329,首頁
國立竹東高級中學,北區,新竹縣,1951年（1946年）,竹東鎮大林路2號,6.6407,302,首頁
私立義民高級中學,北區,新竹縣,1952年（1946年）,竹北市中正西路15號,3.4709,333,首頁
國立關西高級中學,北區,新竹縣,1959年（1924年）,關西鎮中山東路2號,6.9498,319,首頁
私立忠信高級中學,北區,新竹縣,1970年,新豐鄉忠信街178號,5.705,350,首頁
私立仰德高級中學,北區,新竹縣,1971年,新豐鄉員山村133號,5.7206,342,首頁
私立東泰高級中學,北區,新竹縣,1971年,竹東鎮東峰路343號,3.8927,360,首頁
國立竹北高級中學,北區,新竹縣,1992年,竹北市中央路3號,4.6378,305,首頁
新竹縣立湖口高級中學,北區,新竹縣,1997年（1953年）,湖口鄉中正路二段263巷21號,4.6576,311,首頁
新竹縣立六家高級中學,北區,新竹縣,2015年（1968年）,竹北市嘉興路356號,,,首頁
私立建台高級中學,北區,苗栗縣,1941年（1922年）,苗栗市至公路251號,2.8578,324,首頁
國立苗栗高級中學,北區,苗栗縣,1951年（1941年）,苗栗市至公路183號,3.5245,308,首頁
國立竹南高級中學,北區,苗栗縣,1953年（1952年）,竹南鎮中正路98號,4.1246,303,首頁
私立君毅高級中學,北區,苗栗縣,1959年（1929年）,竹南鎮公義路245號,1.5201,340,首頁
私立大成高級中學,北區,苗栗縣,1968年（1946年）*,頭份市中正一路630號,4.3679,339,首頁
國立卓蘭高級中等學校,北區,苗栗縣,1991年（1952年）,卓蘭鎮老庄里161號,8.0241,307,首頁
苗栗縣立苑裡高級中學,北區,苗栗縣,1997年（1932年）,苑裡鎮初中路2號,6.303,313,首頁
苗栗縣立興華高級中學,北區,苗栗縣,1997年（1968年）,頭份市中正一路401號,4.5871,312,首頁
國立苑裡高級中學,北區,苗栗縣,2001年（1998年）,苑裡鎮育才街100號,3.4424,314,首頁
私立全人實驗高級中學,北區,苗栗縣,2009年（1996年）,卓蘭鎮內灣里內灣141-3號,,325,首頁
苗栗縣立三義高級中學,北區,苗栗縣,2013年（1962年）,三義鄉廣盛村11鄰122號,,,首頁
苗栗縣立大同高級中學,北區,苗栗縣,2013年（2003年）,竹南鎮公義路890號,,,首頁
臺中市立臺中第一高級中等學校,中區,台中市,1915年,北區育才街2號,6.0747,400,首頁
臺中市立臺中女子高級中等學校,中區,台中市,1919年,西區自由路一段95號,2.4997,402,首頁
臺中市立臺中第二高級中等學校,中區,台中市,1922年,北區英士路109號,5.1387,401,首頁
臺中市立大甲高級中等學校,中區,台中市,1948年（1940年）,大甲區中山路一段140號,6.0533,405,首頁
臺中市私立明台高級中學,中區,台中市,1949年（1946年）,霧峰區萊園路91號,3.5335,426,首頁
臺中市立清水高級中等學校,中區,台中市,1950年（1946年）,清水區中山路90號,3.5856,403,首頁
臺中市私立宜寧高級中學,中區,台中市,1951年（1948年）,南區復興路二段45號,3.8609,428,首頁
臺中市私立明德高級中學,中區,台中市,1954年,南區明德街84號,3.4793,440,首頁
臺中市私立衛道高級中學,中區,台中市,1955年（1935年）,北屯區四平路161號,9.1946,430,首頁
臺中市私立致用高級中學,中區,台中市,1963年,大甲區甲東路512號,3.3669,445,首頁
臺中市私立曉明女子高級中學,中區,台中市,1966年（1932年）,北區大雅路452號,3.3646,429,首頁
臺中市私立嘉陽高級中學,中區,台中市,1967年,清水區中航路三段1號,5.3639,436,首頁
臺中市私立新民高級中學,中區,台中市,1968年（1936年）,北區三民路三段289號,5.9131,444,首頁
臺中市立豐原高級中等學校,中區,台中市,1968年（1954年）,豐原區水源路150號,5.5703,404,首頁
臺中市私立大明高級中學,中區,台中市,1968年（1964年）,大里區新仁路三段210號,3.1526,427,首頁
臺中市私立明道高級中學,中區,台中市,1969年,烏日區中山路一段497號,7.661,425,首頁
臺中市私立僑泰高級中學,中區,台中市,1970年,大里區樹王路342號,4.5796,443,首頁
臺中市私立嶺東高級中學,中區,台中市,1971年,南屯區嶺東路2號,2.2226,442,首頁
臺中市私立立人高級中學,中區,台中市,1971年,大里區中興路二段380號,2.2556,432,首頁
臺中市私立弘文高級中學,中區,台中市,1971年,潭子區中山路三段221巷96號,4.9536,433,首頁
臺中市私立青年高級中學,中區,台中市,1971年,大里區中湖路100號,5.671,431,首頁
臺中市私立慈明高級中學,中區,台中市,1972年,太平區光德路388號,10.652,434,首頁
臺中市私立玉山高級中學,中區,台中市,1989年（1973年）,東勢區東崎街125之5號,3.929,441,首頁
臺中市立文華高級中等學校,中區,台中市,1989年,西屯區寧夏路240號,3.6722,406,首頁
臺中市私立華盛頓高級中學,中區,台中市,1998年（1970年）,太平區廍仔坑路26號,1.9394,435,首頁
臺中市立西苑高級中學,中區,台中市,1999年（1970年）,西屯區光明路194號,6.2434,409,首頁
臺中市立長億高級中學,中區,台中市,1999年（1990年）,太平區長億六街一號,3.9032,408,首頁
臺中市立后綜高級中學,中區,台中市,2000年（1935年）,后里區三豐路80號,5.9188,424,首頁
臺中市立忠明高級中學,中區,台中市,2000年（1957年）,西區博館路166號,4.0381,410,首頁
私立東海大學附屬實驗高級中學,中區,台中市,2000年（1958年）,西屯區臺灣大道四段1727號,3.975,446,首頁
臺中市立新社高級中學,中區,台中市,2000年（1979年）,新社區中和街三段國中巷10號,18.4043,407,首頁
臺中市立中港高級中學,中區,台中市,2000年（1993年）,梧棲區文昌路400號,2.9382,423,首頁
臺中市立惠文高級中學,中區,台中市,2000年,南屯區公益路二段298號,3.4916,421,首頁
臺中市立大里高級中學,中區,台中市,2001年（1967年）,大里區國中路365號,6.3076,437,首頁
國立中興大學附屬高級中學,中區,台中市,2001年,大里區東榮路369號,3.2003,422,首頁
臺中市私立常春藤高級中學,中區,台中市,2002年（2000年）,潭子區潭興路一段165巷320號,2.9477,438,首頁
臺中市立東山高級中學,中區,台中市,2009年（1970年）,北屯區景賢六路200號,3.5066,449,首頁
國立中科實驗高級中學,中區,台中市,2010年,大雅區平和路227號,3.9357,450,首頁
臺中市私立葳格高級中學,中區,台中市,2012年（2002年）,北屯區軍福十八路328號,4.5551,,首頁
臺中市立龍津高級中學,中區,台中市,2017年（2001年）,龍井區三港路130號,,,首頁
國立彰化高級中學,中區,彰化市,1942年,彰化市中興路78號,6.1859,521,首頁
國立彰化女子高級中學,中區,彰化市,1919年,彰化市光復路62號,3.6969,523,首頁
國立員林高級中學,中區,彰化市,1949年（1937年）,員林市靜修路79號,6.3134,522,首頁
精誠高級中學,中區,彰化市,1958年（1956年）,彰化市林森路200號,3.1493,540,首頁
國立鹿港高級中學,中區,彰化市,1968年,鹿港鎮中山路661號,10.991,527,首頁
天主教文興高級中學,中區,彰化市,1969年,田中鎮員集路三段93號,2.4601,542,首頁
正德高級中學,中區,彰化市,1997年（1971年）,彰化市彰水路145號,3.4741,536,首頁
國立溪湖高級中學,中區,彰化市,1998年（1996年）,溪湖鎮大溪路二段86號,5.2925,543,首頁
彰化縣立二林高級中學,中區,彰化市,2002年（1961年）,二林鎮二城路6號,4.5068,529,首頁
國立和美實驗學校,中區,彰化市,2005年（1968年）,和美鎮鹿和路六段115號,5.6372,513,首頁
彰化縣立彰化藝術高級中學,中區,彰化市,2007年（1962年）,彰化市卦山路13號,3.0769,544,首頁
彰化縣立成功高級中學,中區,彰化市,2010年（2001年）,溪湖鎮福德路310號,,546,首頁
彰化縣立田中高級中學,中區,彰化市,2011年（1955年）,田中鎮文化街23號,,547,首頁
彰化縣立和美高級中學,中區,彰化市,2013年（1947年）,和美鎮西園路31號,,,首頁
國立南投高級中學,中區,南投縣,1951年（1946年）,南投市建國路137號,9.9527,500,首頁
國立中興高級中學,中區,南投縣,1957年,南投市中學路2號,3.8253,503,首頁
國立竹山高級中學,中區,南投縣,1961年,竹山鎮下橫街253號,6.3716,502,首頁
三育高級中學,中區,南投縣,1967年（1964年）,魚池鄉瓊文巷39號,3.6393,504,首頁
國立暨南國際大學附屬高級中學,中區,南投縣,1968年（1958年）,埔里鎮鐵山路1之6號,5.5262,501,首頁
南投縣立旭光高級中學,中區,南投縣,2001年（1968年）,草屯鎮中正路568-23號,4.8655,514,首頁
五育高級中學,中區,南投縣,2001年,南投市樂利路200號,9.8,505,首頁
弘明實驗高級中學,中區,南投縣,2007年（2001年）,名間鄉大老巷102號,3.2212,515,首頁
普台高級中學,中區,南投縣,2009年（2004年）,埔里鎮中台路5號,,516,首頁
國立虎尾高級中學,中區,雲林縣,1940年,虎尾鎮光復路222號,7.4617,651,首頁
國立斗六高級中學,中區,雲林縣,1949年（1946年）,斗六市民生路224號,5.1208,654,首頁
國立北港高級中學,中區,雲林縣,1956年,北港鎮成功路26號,5.7247,652,首頁
天主教永年高級中學,中區,雲林縣,1961年,土庫鎮建國路13號,4.6367,669,首頁
巨人高級中學,中區,雲林縣,1965年,北港鎮大同路647號,2.511,,首頁
天主教正心高級中學,中區,雲林縣,1968年（1961年）,斗六市正心路1號,6.4,668,首頁
天主教文生高級中學,中區,雲林縣,1969年（1965年）,四湖鄉中正路509號,2.8623,666,首頁
揚子高級中學,中區,雲林縣,1998年（1962年）,虎尾鎮林森路二段541號,3.7669,670,首頁
雲林縣立麥寮高級中學,中區,雲林縣,1999年（1963年）,麥寮鄉中興路310號,4.5591,664,首頁
雲林縣立斗南高級中學,中區,雲林縣,2000年〔1946年〕,斗南鎮中山路212號,2.723,665,首頁
義峰高級中學,中區,雲林縣,2003年（2000年）,林內鄉長源路201號,10.7502,680,首頁
福智高級中學,中區,雲林縣,2006年,古坑鄉平和路20號,4.0113,681,首頁
維多利亞雙語實驗高中,中區,雲林縣,2009年（2000年）,斗六市鎮南路1110號,5.9525,,首頁
國立嘉義女子高級中學,中區,嘉義市,1922年,西區垂楊路243號,5.8355,601,首頁
國立嘉義高級中學,中區,嘉義市,1924年,東區大雅路二段738號,10.4592,600,首頁
私立興華高級中學,中區,嘉義市,1957年（1937年）,東區林森東路239號,1.8981,618,首頁
私立仁義高級中學,中區,嘉義市,1964年（1960年）,東區鹿寮里紅毛埤125之1號,1.6325,,首頁
私立嘉華高級中學,中區,嘉義市,1965年（1961年）,東區民權東路45號,3.1713,621,首頁
天主教輔仁高級中學,中區,嘉義市,1965年（1961年）,東區吳鳳南路270號,7.3539,620,首頁
天主教宏仁女子高級中學,中區,嘉義市,1968年（1966年）,東區忠孝路667號,2.4208,619,首頁
天主教立仁高級中學,中區,嘉義市,1991年（1971年）,東區立仁路235號,2.6639,627,首頁
國立東石高級中學,中區,嘉義縣,1968年（1926年）,朴子市大鄉里大槺榔253號,10.103,603,首頁
基督教協同高級中學,中區,嘉義縣,1968年（1967年）,民雄鄉建國路二段31號,7.904,615,首頁
私立同濟高級中學,中區,嘉義縣,1971年（1961年）,大林鎮中興路二段303號,1.9352,616,首頁
嘉義縣立竹崎高級中學,中區,嘉義縣,2005年（1957年）,竹崎鄉文化路23號,3.426,612,首頁
國立新港藝術高級中學,中區,嘉義縣,2006年,新港鄉藝高路1號,4.6678,629,首頁
嘉義縣立永慶高級中學,中區,嘉義縣,2009年,太保市信義二路1號,4.75,,首頁
長榮高級中學,南區,台南市,1885年,東區林森路二段79號,7.106,732,首頁
長榮女子高級中學,南區,台南市,1887年,東區長榮路二段135號,3.5698,736,首頁
國立臺南第二高級中學,南區,台南市,1914年,北區北門路二段125號,6.6202,702,首頁
國立臺南女子高級中學,南區,台南市,1917年,中西區大埔街97號,5.5386,701,首頁
國立臺南第一高級中學,南區,台南市,1922年,東區民族路一段1號,8.4798,700,首頁
國立臺南大學附屬高級中學,南區,台南市,1945年（1939年）,永康區中山南路948號,32.7181,724,首頁
國立北門高級中學,南區,台南市,1949年（1946年）,佳里區六安里269號,7.4283,708,首頁
南光高級中學,南區,台南市,1950年（1947年）,新營區中興路62號,3.2534,739,首頁
國立新營高級中學,南區,台南市,1952年（1946年）,新營區民權路101號,5.5691,704,首頁
國立臺南家齊高級中等學校,南區,台南市,1954年（1924年）,中西區健康路一段342號,1.9947,703,首頁
光華高級中學,南區,台南市,1955年（1929年）,東區勝利路41號,1.9265,737,首頁
國立後壁高級中學,南區,台南市,1955年,後壁區下茄苳132號,9.7431,705,首頁
國立新豐高級中學,南區,台南市,1956年（1929年）,歸仁區中正北路一段148號,7.7619,711,首頁
國立善化高級中學,南區,台南市,1956年（1955年）,善化區大成路195號,7.3104,706,首頁
六信高級中學,南區,台南市,1958年,南區新都路20號,0.8018,750,首頁
國立新化高級中學,南區,台南市,1959年,新化區忠孝路2號,6.224,710,首頁
瀛海高級中學,南區,台南市,1959年,安南區長溪路一段七六號,2.9216,730,首頁
崑山高級中學,南區,台南市,1966年（1961年）,北區開元路444號,3.0198,735,首頁
天主教德光高級中學,南區,台南市,1966年（1963年）,東區德光街106號,2.6021,734,首頁
天主教黎明高級中學,南區,台南市,1966年（1963年）,麻豆區磚井里141號,4.4489,738,首頁
天主教聖功女子高級中學,南區,台南市,1967年（1914年）,北區北園街87巷64號,4.8206,731,首頁
港明高級中學,南區,台南市,1968年（1962年）,西港區慶安路229號,3.5339,742,首頁
興國高級中學,南區,台南市,1968年（1962年）,新營區大同路86號,2.5976,740,首頁
明達高級中學,南區,台南市,1968年（1963年）,鹽水區橋南里忠孝路73號,1.8686,741,首頁
新榮高級中學,南區,台南市,1969年,柳營區光福里132之12號,4.2266,754,首頁
鳳和高級中學,南區,台南市,1973年（1962年）,柳營區中山東路二段1330號,3.3651,743,首頁
臺南市立大灣高級中學,南區,台南市,1997年（1983年）,永康區文賢街68巷1號,5.4048,712,首頁
臺南市立南寧高級中學,南區,台南市,2003年（1960年）,南區萬年路167號,4.7503,729,首頁
臺南市立土城高級中學,南區,台南市,2004年（1983年）,安南區安中路五段265號,5.7288,728,首頁
臺南市立永仁高級中學,南區,台南市,2005年（1975年）,永康區忠孝路74號,6.4982,713,首頁
國立南科國際實驗高級中學,南區,台南市,2006年,新市區大順六路12巷6號,5.8677,,首頁
慈濟高級中學,南區,台南市,2007年,安平區建平五街111號,6.9775,761,首頁
高雄市立高雄高級中學,南區,高雄市,1922年,三民區建國三路50號,7.9079,801,首頁
高雄市立高雄女子高級中學,南區,高雄市,1924年,前金區五福三路122號,4.9497,802,首頁
國立岡山高級中學,南區,高雄市,1946年,岡山區公園路52號,4.3532,815,首頁
國立鳳山高級中學,南區,高雄市,1953年（1939年）,鳳山區光復路二段130號,6.9937,812,首頁
私立復華高級中學,南區,高雄市,1957年,苓雅區民權一路42號,1.9093,823,首頁
天主教道明高級中學,南區,高雄市,1958年,苓雅區建國一路354號,5.3319,825,首頁
高雄市立左營高級中學,南區,高雄市,1959年（1946年）,左營區海功路55號,6.4931,803,首頁
私立普門高級中學,南區,高雄市,1963年,大樹區興田路153號,4.7683,829,首頁
私立大榮高級中學,南區,高雄市,1964年,鼓山區大榮街1號,3.4725,837,首頁
國立中山大學附屬國光高級中學,南區,高雄市,1965年（1957年）,楠梓區後昌路512號,5.5605,822,首頁
私立立志高級中學,南區,高雄市,1967年（1963年）,三民區大昌一路98號,1.3759,824,首頁
私立新光高級中學,南區,高雄市,1968年（1963年）,大寮區鳳屏一路217號,1.6149,820,首頁
國立旗美高級中學,南區,高雄市,1968年,旗山區樹人路21號,4.5353,814,首頁
高雄市立前鎮高級中學,南區,高雄市,1969年,前鎮區鎮中路132號,4.5786,804,首頁
私立正義高級中學,南區,高雄市,1971年,鳳山區南江街183號,0.3016,849,首頁
國立高雄師範大學附屬高級中學,南區,高雄市,1980年（1978年）,苓雅區凱旋二路89號,1.8685,800,首頁
高雄市立中山高級中學,南區,高雄市,1990年,楠梓區藍昌路416號,4.858,809,首頁
天主教明誠高級中學,南區,高雄市,1991年（1902年）,鼓山區中華一路97號,2.7062,826,首頁
高雄市立小港高級中學,南區,高雄市,1992年,小港區學府路117號,6.017,810,首頁
國立鳳新高級中學,南區,高雄市,1992年,鳳山區新富路257號,6.4945,813,首頁
高雄市立瑞祥高級中學,南區,高雄市,1995年（1983年）,前鎮區班超路63號,4.8224,830,首頁
高雄市立新莊高級中學,南區,高雄市,1995年,左營區文慈路99號,7.1001,811,首頁
高雄市立林園高級中學,南區,高雄市,1996年（1935年）,林園區林園北路481號,5.8302,833,首頁
高雄市立中正高級中學,南區,高雄市,1996年（1989年）,苓雅區中正一路8號,4.1402,831,首頁
高雄市立三民高級中學,南區,高雄市,1996年,三民區金鼎路81號,9.7346,832,首頁
高雄市立鼓山高級中學,南區,高雄市,1997年（1957年）,鼓山區明德路2號,5.0819,834,首頁
高雄市立仁武高級中學,南區,高雄市,1998年（1963年）,仁武區仁林路20號,4.6576,850,首頁
高雄市立路竹高級中學,南區,高雄市,1999年（1954年）,路竹區中華路292號,6.2295,851,首頁
高雄市立楠梓高級中學,南區,高雄市,2003年,楠梓區清豐路19號,5.723,857,首頁
高雄市立六龜高級中學,南區,高雄市,2000年（1956年）,六龜區光復路212號,2.9509,855,首頁
高雄市立文山高級中學,南區,高雄市,2000年（1969年）,鳥松區鳥松里大埤路31號,5.1331,852,首頁
高雄市立新興高級中學,南區,高雄市,2001年（1936年）,新興區五福二路218號,3.8961,853,首頁
高雄市立福誠高級中學,南區,高雄市,2001年（1993年）,鳳山區五甲三路176號,3.7396,854,首頁
私立義大國際高級中學,南區,高雄市,2007年（2004年）,大樹區學城路一段6號,3.3464,858,首頁
國立屏東女子高級中學,南區,屏東縣,1932年,屏東市仁愛路94號,5.1124,900,首頁
國立屏東高級中學,南區,屏東縣,1938年,屏東市忠孝路231號,6.6765,901,首頁
國立潮州高級中學,南區,屏東縣,1949年（1942年）,潮州鎮中山路11號,5.8216,902,首頁[永久失效連結]
私立屏榮高級中學,南區,屏東縣,1957年,屏東市民學路100號,3.4844,920,首頁
私立陸興高級中學,南區,屏東縣,1959年,屏東市廣東路150號,1.5493,913,首頁
私立美和高級中學,南區,屏東縣,1964年（1961年）,內埔鄉學人路323號,4.1544,914,首頁
屏東縣立枋寮高級中學,南區,屏東縣,2001年（1964年）,枋寮鄉義民路3號,7.4174,910,首頁
屏東縣立大同高級中學,南區,屏東縣,2001年（1968年）,屏東市和平路429號,7.7238,904,首頁
屏東縣立來義高級中學,南區,屏東縣,2002年（1967年）,來義鄉中正路147號,7.0109,915,首頁
國立屏北高級中學,南區,屏東縣,2004年,鹽埔鄉莒光路168號,8,905,首頁
屏東縣立東港高級中學,南區,屏東縣,2010年（1922年）,東港鎮船頭路1號,,,首頁
國立蘭陽女子高級中學,東區,宜蘭縣,1938年,宜蘭市女中路2號,4.5121,271,首頁
國立宜蘭高級中學,東區,宜蘭縣,1941年,宜蘭市復興路三段8號,7.9104,270,首頁
國立羅東高級中學,東區,宜蘭縣,1949年（1944年）,羅東鎮公正路324號,5.9758,283,首頁
私立中道高級中學,東區,宜蘭縣,1996年（1994年）,壯圍鄉功勞路12號,3.4875,273,首頁
宜蘭縣立南澳高級中學,東區,宜蘭縣,2000年（1962年）,南澳鄉蘇花路二段301號,2.0901,275,首頁
私立慧燈高級中學,東區,宜蘭縣,2000年（1997年）,員山鄉枕山路117之60號,6.5572,274,首頁
宜蘭縣立慈心華德福教育實驗高級中等學校,東區,宜蘭縣,2015年（1996年）,冬山鄉照安路257號,,276,首頁
國立花蓮女子高級中學,東區,花蓮縣,1927年,花蓮市菁華街2號,5.1436,931,首頁
國立花蓮高級中學,東區,花蓮縣,1936年,花蓮市民權路42號,6.8514,930,首頁
私立海星高級中學,東區,花蓮縣,1962年（1959年）,新城鄉嘉新路36號,4.7343,951,首頁
私立四維高級中學,東區,花蓮縣,1962年,花蓮市中山路一段200號,3.6948,950,首頁
國立玉里高級中學,東區,花蓮縣,1968年,玉里鎮中華路424號,11.5874,932,首頁
私立慈濟大學附屬高級中學,東區,花蓮縣,2000年,花蓮市介仁街176號,9.5121,958,首頁
花蓮縣立體育實驗高級中學,東區,花蓮縣,2001年,花蓮市達固湖灣大路21號,21.7236,949,首頁
國立臺東女子高級中學,東區,台東縣,1940年,臺東市四維路一段690號,7.551,934,首頁
國立臺東高級中學,東區,台東縣,1941年,臺東市中華路一段721號,7.77,933,首頁
私立育仁高級中學,東區,台東縣,1971年,臺東市中興路四段485號,4.3899,952,首頁
國立臺東大學附屬體育高級中學,東區,台東縣,1995年,臺東市中華路一段684號,32.9198,935,首頁
臺東縣立蘭嶼高級中學,東區,台東縣,1997年（1969年）,蘭嶼鄉椰油村37號,4.3569,936,首頁
國立馬公高級中學,離島,澎湖縣,1943年,馬公市中華路369號,6.181,770,首頁
國立金門高級中學,離島,金門縣,1951年,金城鎮光前路94號,9.7923,780,首頁
國立馬祖高級中學,離島,連江縣,1968年（1957年）,南竿鄉介壽村374號,2.8032,790,首頁